{
  "openapi": "3.0.0",
  "info": {
    "title": "Express API for GET-MY-CODE",
    "version": "1.0.0",
    "description": "This is a REST API application made with Express. It retrieves data from GET-MY-CODE.",
    "contact": {
      "name": "GET-MY-CODE"
    }
  },
  "servers": [
    {
      "url": "http://localhost:8080",
      "description": "Local server"
    },
    {
      "url": "https://get-my-code-be.onrender.com",
      "description": "Stage server"
    }
  ],
  "paths": {
    "/health-check": {
      "get": {
        "tags": ["Health Check"],
        "summary": "Get app status",
        "description": "Get App Status",
        "responses": {
          "200": {
            "description": "Content fetched successfully",
            "content": {
              "application/json": {
                "schema": {
                  "type": "object",
                  "properties": {
                    "runing": { "type": "boolean" }
                  }
                }
              }
            }
          }
        }
      }
    },
    "/auth/register": {
      "post": {
        "tags": ["Auth"],
        "summary": "Register new user",
        "description": "Register new user.",
        "requestBody": {
          "required": true,
          "content": {
            "application/json": {
              "schema": {
                "type": "object",
                "properties": {
                  "name": { "type": "string" },
                  "email": { "type": "string" },
                  "password": { "type": "string" }
                }
              }
            }
          }
        },
        "responses": {
          "200": {
            "description": "User registered successfully",
            "content": {
              "application/json": {
                "schema": {
                  "$ref": "#/components/schemas/LoginAndRegisterUserResponse"
                }
              }
            }
          }
        }
      }
    },
    "/auth/login": {
      "post": {
        "tags": ["Auth"],
        "summary": "Login with email & password",
        "description": "Login with email & password.",
        "requestBody": {
          "required": true,
          "content": {
            "application/json": {
              "schema": {
                "type": "object",
                "properties": {
                  "email": { "type": "string" },
                  "password": { "type": "string" }
                }
              }
            }
          }
        },
        "responses": {
          "200": {
            "description": "Login successful",
            "content": {
              "application/json": {
                "schema": {
                  "$ref": "#/components/schemas/LoginAndRegisterUserResponse"
                }
              }
            }
          }
        }
      }
    },
    "/auth/refresh-tokens": {
      "post": {
        "tags": ["Auth"],
        "summary": "Generate new tokens",
        "description": "Generate new tokens.",
        "requestBody": {
          "required": true,
          "content": {
            "application/json": {
              "schema": {
                "type": "object",
                "properties": {
                  "referesh_token": { "type": "string" }
                }
              }
            }
          }
        },
        "responses": {
          "200": {
            "description": "Token refreshed successfully",
            "content": {
              "application/json": {
                "schema": {
                  "$ref": "#/components/schemas/RefreshTokensResponse"
                }
              }
            }
          }
        }
      }
    },
    "/feedback": {
      "post": {
        "tags": ["Forms"],
        "summary": "Submit feedback form",
        "description": "Allows users to submit new feedback for a given route using the routeCode.",
        "requestBody": {
          "required": true,
          "content": {
            "application/json": {
              "schema": {
                "type": "object",
                "properties": {
                  "name": { "type": "string" },
                  "experience": { "type": "string" },
                  "email": { "type": "string" },
                  "review": { "type": "number" }
                }
              }
            }
          }
        },
        "responses": {
          "200": {
            "description": "Feedback submitted successfully",
            "content": {
              "application/json": {
                "schema": {
                  "type": "object",
                  "properties": {
                    "message": { "type": "string" }
                  }
                }
              }
            }
          }
        }
      }
    },
    "/contact-us": {
      "post": {
        "tags": ["Forms"],
        "summary": "Submit Contact Us form",
        "description": "Allows users to submit a 'Contact Us' form for inquiries, support, or feedback related to the route specified by the routeCode.",
        "requestBody": {
          "required": true,
          "content": {
            "application/json": {
              "schema": {
                "type": "object",
                "properties": {
                  "firstName": { "type": "string" },
                  "lastName": { "type": "string" },
                  "description": { "type": "string" },
                  "email": { "type": "string" },
                  "phoneNumber": { "type": "string" }
                }
              }
            }
          }
        },
        "responses": {
          "200": {
            "description": "'Contact Us' form submitted successfully",
            "content": {
              "application/json": {
                "schema": {
                  "type": "object",
                  "properties": {
                    "message": { "type": "string" }
                  }
                }
              }
            }
          }
        }
      }
    }
  },
  "components": {
    "schemas": {
      "LoginAndRegisterUserResponse": {
        "type": "object",
        "properties": {
          "message": { "type": "string" },
          "data": {
            "type": "object",
            "properties": {
              "user": {
                "type": "object",
                "properties": {
                  "name": { "type": "string" },
                  "email": { "type": "string" },
                  "isDeleted": { "type": "boolean" },
                  "_id": { "type": "string" },
                  "createdAt": { "type": "string" },
                  "updatedAt": { "type": "string" },
                  "__v": { "type": "number" }
                }
              },
              "access_token": { "type": "string" },
              "refresh_token": { "type": "string" }
            }
          }
        }
      },
      "RefreshTokensResponse": {
        "type": "object",
        "properties": {
          "message": { "type": "string" },
          "data": {
            "type": "object",
            "properties": {
              "access_token": { "type": "string" },
              "refresh_token": { "type": "string" }
            }
          }
        }
      },
      "GetSocketHealthAllRoomResponse": {
        "type": "object",
        "properties": {
          "routeCode": { "type": "object" },
          "totalConnections": { "type": "number" }
        }
      },
      "GetSocketHealthByRouteCodeResponse": {
        "type": "object",
        "properties": {
          "socketIds": { "type": "array", "value": "string" },
          "count": { "type": "number" }
        }
      },
      "GetContentResponse": {
        "type": "object",
        "properties": {
          "routeCode": { "type": "string" },
          "contentData": { "type": "string" },
          "createdAt": { "type": "string" },
          "updatedAt": { "type": "string" },
          "id": { "type": "string" }
        }
      },
      "CreateOrUpdateContentResponse": {
        "type": "object",
        "properties": {
          "routeCode": { "type": "string" },
          "contentData": { "type": "string" },
          "createdAt": { "type": "string" },
          "updatedAt": { "type": "string" },
          "id": { "type": "string" }
        }
      }
    }
  }
}
